Metric,Score
Sensitivity,0.9130434782608695
Specificity,0.8148148148148148
Accuracy,0.86
F1-Score,0.8601680672268907
