Metric,Score
Sensitivity,0.8695652173913043
Specificity,0.8148148148148148
Accuracy,0.84
F1-Score,0.8402564102564102
