Metric,Score
Sensitivity,0.8695652173913043
Specificity,0.8888888888888888
Accuracy,0.88
F1-Score,0.88
