Metric,Score
Sensitivity,0.9130434782608695
Specificity,0.8888888888888888
Accuracy,0.9
F1-Score,0.900120433560819
