Metric,Score
Sensitivity,0.9
Specificity,0.85
Accuracy,0.8666666666666667
F1-Score,0.8692185007974482
