Metric,Score
Sensitivity,0.92
Specificity,0.88
Accuracy,0.8933333333333333
F1-Score,0.8950617283950616
