Metric,Score
Sensitivity,0.96
Specificity,0.86
Accuracy,0.8933333333333333
F1-Score,0.89564336372847
