Metric,Score
Sensitivity,1.0
Specificity,0.84
Accuracy,0.8933333333333333
F1-Score,0.8960519740129935
