Metric,Score
Sensitivity,0.9166666666666666
Specificity,0.8461538461538461
Accuracy,0.88
F1-Score,0.8799999999999999
