Metric,Score
Sensitivity,0.9583333333333334
Specificity,0.8461538461538461
Accuracy,0.9
F1-Score,0.8998799519807923
