Dataset,Accuracy,F1-Score,Sensitivity,Specificity
CPA1.xlsx,0.77,0.769423559,0.82,0.72
CPA2.xlsx,0.755,0.754699507,0.72,0.79
CPA3.xlsx,0.776666667,0.771648757,0.59,0.87
CPB1.xlsx,0.87,0.869791667,0.91,0.83
CPB2.xlsx,0.86,0.859310622,0.93,0.79
CPB3.xlsx,0.895,0.894681411,0.95,0.84
CPB4.xlsx,0.895,0.894554493,0.96,0.83
CPB5.xlsx,0.866666667,0.869393203,0.91,0.845
CPB6.xlsx,0.86,0.863031915,0.91,0.835
CPB7.xlsx,0.875,0.874620728,0.93,0.82
