Dataset,Accuracy,F1-Score,Sensitivity,Specificity
CPA1.xlsx,0.745,0.744942612,0.73,0.76
CPA2.xlsx,0.735,0.733500943,0.66,0.81
CPA3.xlsx,0.79,0.780252061,0.55,0.91
CPB1.xlsx,0.86,0.86,0.86,0.86
CPB2.xlsx,0.86,0.859649123,0.91,0.81
CPB3.xlsx,0.88,0.879807692,0.92,0.84
CPB4.xlsx,0.895,0.894406034,0.97,0.82
CPB5.xlsx,0.843333333,0.843899029,0.78,0.875
CPB6.xlsx,0.873333333,0.874959476,0.87,0.875
CPB7.xlsx,0.865,0.864945978,0.885,0.845
