Metric,Score
Sensitivity,1.0
Specificity,0.4074074074074074
Accuracy,0.68
F1-Score,0.6539219015280137
