Metric,Score
Sensitivity,1.0
Specificity,0.5925925925925926
Accuracy,0.78
F1-Score,0.7730885352917177
