Metric,Score
Sensitivity,0.8695652173913043
Specificity,0.7777777777777778
Accuracy,0.82
F1-Score,0.820216086434574
