Metric,Score
Sensitivity,0.0
Specificity,0.98
Accuracy,0.6533333333333333
F1-Score,0.5268817204301075
