Metric,Score
Sensitivity,0.6
Specificity,0.92
Accuracy,0.8133333333333334
F1-Score,0.805889079473985
