Metric,Score
Sensitivity,0.2
Specificity,0.9
Accuracy,0.6666666666666666
F1-Score,0.6169772256728778
