Metric,Score
Sensitivity,0.24
Specificity,0.94
Accuracy,0.7066666666666667
F1-Score,0.6578769438810007
